Record Id,Record Id (Revenue Forecast),Record Id (Account Name),Revenue Type,Account Owner,Independent Rep,Market,Products of Interest,Account Name (Account Name),Amount Expected,Amount Received,Revenue Month-Year, Updated forecast ,Sales comments,Opportunity Name,
zcrm_3679507000160381012,zcrm_3679507000160381013,zcrm_3679507000001246188,SOW,Jeff Rogers,,IoT/ Appliance/ Consumer & Home Electronics,TrulyHandsFree,RN Chidakashi Technologies Pvt. Ltd,"$ 35,000.00",,2023！05, $-   ,,SOW for new wake word and data,
zcrm_3679507000160362010,zcrm_3679507000160362013,zcrm_3679507000142202032,Royalty,Kurt Zhang,U-sand,IoT/ Appliance/ Consumer & Home Electronics,TrulyHandsFree,Bothlent,"$ 1,000.00",,2023！09,"$ 1,000.00",,Custom WW of Portuguous for OTT,
zcrm_3679507000160362010,zcrm_3679507000160362014,zcrm_3679507000142202032,Royalty,Kurt Zhang,U-sand,IoT/ Appliance/ Consumer & Home Electronics,TrulyHandsFree,Bothlent,"$ 1,000.00",,2023！12,"$ 1,000.00",,Custom WW of Portuguous for OTT,
zcrm_3679507000160362010,zcrm_3679507000160362011,zcrm_3679507000142202032,SOW,Kurt Zhang,U-sand,IoT/ Appliance/ Consumer & Home Electronics,TrulyHandsFree,Bothlent,"$ 1,000.00",,2023！07,"$ 1,000.00",,Custom WW of Portuguous for OTT,
zcrm_3679507000160362010,zcrm_3679507000160362012,zcrm_3679507000142202032,License Fee,Kurt Zhang,U-sand,IoT/ Appliance/ Consumer & Home Electronics,TrulyHandsFree,Bothlent,"$ 1,000.00",,2023！08,"$ 1,000.00",,Custom WW of Portuguous for OTT,
zcrm_3679507000159965048,zcrm_3679507000159965049,zcrm_3679507000156259070,Other,Jeff Rogers,,FinTech/ Enterprise/ Banking,TrulyHandsFree,Mossa Holdings LLC,"$ 48,000.00",,2023！05,,,Golfing application,
zcrm_3679507000159822063,zcrm_3679507000159822064,zcrm_3679507000156982136,License Fee,Bernie Brafman,,Other,TrulyHandsFree,Triton Sensors LLC,"$ 20,000.00",,2023！05,,,"1.	3D SENSE PRO VAPE DETECTOR AND SCHOOL SAFETY DEVICE",
zcrm_3679507000159356347,zcrm_3679507000159356348,zcrm_3679507000001241131,Support,Bernie Brafman,,PC/ Mobile/ Wearables/ Cameras,TrulyHandsFree; TrulyNatural,Magic Leap Inc.,"$ 5,000.00","$ 5,000.00",2023！04,,,20 Hours Support PO,
zcrm_3679507000159236049,zcrm_3679507000159236050,zcrm_3679507000001246230,SDK,Simon Jeong,,IoT/ Appliance/ Consumer & Home Electronics,TrulyHandsFree,LG Uplus,"$ 2,500.00",,2023！05,,,EZVIZ Network THF DA SDK for LG Uplus_JBL Soundbar + STB,
zcrm_3679507000159190058,zcrm_3679507000159190059,zcrm_3679507000001246182,Royalty,San Yuen,,IoT/ Appliance/ Consumer & Home Electronics,TrulyHandsFree; Speech to text; Text to Speech,Cyber Workshop,"$ 2,000.00",,2023！08,,,CBW AIChat TWS/speaker,
zcrm_3679507000159190058,zcrm_3679507000159190060,zcrm_3679507000001246182,Royalty,San Yuen,,IoT/ Appliance/ Consumer & Home Electronics,TrulyHandsFree; Speech to text; Text to Speech,Cyber Workshop,"$ 5,000.00",,2023！10,,,CBW AIChat TWS/speaker,
zcrm_3679507000159190058,zcrm_3679507000159190061,zcrm_3679507000001246182,Royalty,San Yuen,,IoT/ Appliance/ Consumer & Home Electronics,TrulyHandsFree; Speech to text; Text to Speech,Cyber Workshop,"$ 5,000.00",,2023！12,,,CBW AIChat TWS/speaker,
zcrm_3679507000159190016,zcrm_3679507000159190017,zcrm_3679507000144145001,Royalty,San Yuen,Cyberworkshop,IoT/ Appliance/ Consumer & Home Electronics,TrulyHandsFree; Speech to text; Text to Speech,VTECH,"$ 2,000.00",,2023！09,,,Vtech VOIP phone Sensory cloud,
zcrm_3679507000159190016,zcrm_3679507000159190018,zcrm_3679507000144145001,Royalty,San Yuen,Cyberworkshop,IoT/ Appliance/ Consumer & Home Electronics,TrulyHandsFree; Speech to text; Text to Speech,VTECH,"$ 10,000.00",,2023！11,,,Vtech VOIP phone Sensory cloud,
zcrm_3679507000159100546,zcrm_3679507000159100547,zcrm_3679507000001241099,SDK,Bernie Brafman,,PC/ Mobile/ Wearables/ Cameras,TrulyHandsFree; TrulySecureVoice; TrulyNatural,Loose Cannon Systems,"$ 2,500.00","$ 2,500.00",2023！04,,,SDK,
zcrm_3679507000158428084,zcrm_3679507000158428085,zcrm_3679507000001246149,SOW,Kurt Zhang,,AR/VR/Gaming,TrulyHandsFree; Speech to text; Text to Speech,GoerTek Inc,"$ 2,000.00",,2023！10,"$ 2,000.00",,"Goertek AR Glass with THF WW, and SensoryCloud STT&TTS capable of ChatGPT",
zcrm_3679507000158428084,zcrm_3679507000158428086,zcrm_3679507000001246149,Royalty,Kurt Zhang,,AR/VR/Gaming,TrulyHandsFree; Speech to text; Text to Speech,GoerTek Inc,"$ 2,000.00",,2023！12,"$ 2,000.00",,"Goertek AR Glass with THF WW, and SensoryCloud STT&TTS capable of ChatGPT",
zcrm_3679507000158168035,zcrm_3679507000158168036,zcrm_3679507000155390176,License Fee,Jeff Rogers,,IoT/ Appliance/ Consumer & Home Electronics,TrulyHandsFree,"Telly, Inc.","$ 10,000.00","$ 10,000.00",2023！04,,,Free Telly,
zcrm_3679507000158168035,zcrm_3679507000158168037,zcrm_3679507000155390176,Royalty,Jeff Rogers,,IoT/ Appliance/ Consumer & Home Electronics,TrulyHandsFree,"Telly, Inc.","$ 50,000.00",,2023！09,,,Free Telly,
zcrm_3679507000158168035,zcrm_3679507000158168038,zcrm_3679507000155390176,Royalty,Jeff Rogers,,IoT/ Appliance/ Consumer & Home Electronics,TrulyHandsFree,"Telly, Inc.",$ 0.00,,2023！12,,,Free Telly,
zcrm_3679507000158044159,zcrm_3679507000158044160,zcrm_3679507000157974045,Royalty,Kurt Zhang,,IoT/ Appliance/ Consumer & Home Electronics,TrulyHandsFree,"Shenzhen Sei Robotics Co.,Ltd","$ 1,000.00",,2023！09,"$ 1,000.00",,Custom branded wakeword on HiFi5 for FreeTelly(a KODI project),
zcrm_3679507000158044159,zcrm_3679507000158044162,zcrm_3679507000157974045,Royalty,Kurt Zhang,,IoT/ Appliance/ Consumer & Home Electronics,TrulyHandsFree,"Shenzhen Sei Robotics Co.,Ltd","$ 2,000.00",,2023！12,"$ 2,000.00",,Custom branded wakeword on HiFi5 for FreeTelly(a KODI project),
zcrm_3679507000158044047,zcrm_3679507000158044048,zcrm_3679507000005748001,SOW,Kurt Zhang,,PC/ Mobile/ Wearables/ Cameras,Sound ID revalidation,OPPO,$ 0.00,,2023！05,$ 0.00,,SoundID for Vehicles,
zcrm_3679507000158044047,zcrm_3679507000158044049,zcrm_3679507000005748001,License Fee,Kurt Zhang,,PC/ Mobile/ Wearables/ Cameras,Sound ID revalidation,OPPO,$ 0.00,,2023！08,$ 0.00,,SoundID for Vehicles,
zcrm_3679507000158044047,zcrm_3679507000158044050,zcrm_3679507000005748001,Royalty,Kurt Zhang,,PC/ Mobile/ Wearables/ Cameras,Sound ID revalidation,OPPO,$ 0.00,,2023！06,$ 0.00,,SoundID for Vehicles,
zcrm_3679507000158044047,zcrm_3679507000158044051,zcrm_3679507000005748001,Royalty,Kurt Zhang,,PC/ Mobile/ Wearables/ Cameras,Sound ID revalidation,OPPO,$ 0.00,,2023！09,$ 0.00,,SoundID for Vehicles,
zcrm_3679507000158044047,zcrm_3679507000158044052,zcrm_3679507000005748001,Royalty,Kurt Zhang,,PC/ Mobile/ Wearables/ Cameras,Sound ID revalidation,OPPO,$ 0.00,,2023！12,$ 0.00,,SoundID for Vehicles,
zcrm_3679507000157753265,zcrm_3679507000157753266,zcrm_3679507000001246271,License Fee,Osamu Kurihara,Sensory - Japan,Automotive,TrulyHandsFree,Pioneer Corporation,"$ 27,000.00",,2023！08,,,Pioneer - Smartphone App for motorcycle intercom,
zcrm_3679507000157753234,zcrm_3679507000157753235,zcrm_3679507000001246271,License Fee,Osamu Kurihara,Sensory - Japan,Automotive,TrulyHandsFree; TrulyNatural,Pioneer Corporation,$ 0.00,,2023！08,,,Pioneer - Display Audio for NA market,
zcrm_3679507000157712176,zcrm_3679507000157712177,zcrm_3679507000155963160,License Fee,Bernie Brafman,,Medical/ Healthcare,TrulyHandsFree,care.ai,"$ 20,000.00",,2023！05,,,care.ai Smart Care Facility Platform,
zcrm_3679507000156323105,zcrm_3679507000156323106,zcrm_3679507000001246260,SOW,Bernie Brafman,,Chip/Noise Partner,TrulyHandsFree,XMOS Limited,"$ 40,000.00","$ 40,000.00",2023！04,,,xcore.ai port upgrade,
zcrm_3679507000155963044,zcrm_3679507000155963045,zcrm_3679507000002309039,SOW,Bernie Brafman,,Other,TrulyHandsFree,"Motorola Solutions, Inc.","$ 38,500.00",,2023！07,,,French Canadian SOW,
zcrm_3679507000155880001,zcrm_3679507000155880002,zcrm_3679507000001241131,SOW,Bernie Brafman,,PC/ Mobile/ Wearables/ Cameras,TrulyHandsFree,Magic Leap Inc.,"$ 101,000.00",,2023！06,,,Multi Accent Wakeword,
zcrm_3679507000155634081,zcrm_3679507000155634082,zcrm_3679507000154277001,License Fee,Bernie Brafman,,Medical/ Healthcare,TrulyHandsFree; TrulyNatural,Waygate Technologies LP,"$ 50,000.00",,2023！05,,,Borescope,
zcrm_3679507000155634081,zcrm_3679507000155634083,zcrm_3679507000154277001,Royalty,Bernie Brafman,,Medical/ Healthcare,TrulyHandsFree; TrulyNatural,Waygate Technologies LP,"$ 75,000.00",,2023！09,,,Borescope,
zcrm_3679507000155064014,zcrm_3679507000155064015,zcrm_3679507000132442015,SOW,Jeff Rogers,,IoT/ Appliance/ Consumer & Home Electronics,TrulyHandsFree,Havells India Limited,"$ 34,000.00",,2023！05,,,Havells Fan and Water Heater SOW,
zcrm_3679507000153262016,zcrm_3679507000153262017,zcrm_3679507000153142013,SOW,Kurt Zhang,,PC/ Mobile/ Wearables/ Cameras,TrulyHandsFree,Insta360,"$ 3,000.00",,2023！07,$ 0.00,Delayed,VUI for action cameras,
zcrm_3679507000153262016,zcrm_3679507000158044002,zcrm_3679507000153142013,License Fee,Kurt Zhang,,PC/ Mobile/ Wearables/ Cameras,TrulyHandsFree,Insta360,"$ 5,000.00",,2023！09,"$ 5,000.00",,VUI for action cameras,
zcrm_3679507000153262016,zcrm_3679507000158044003,zcrm_3679507000153142013,Royalty,Kurt Zhang,,PC/ Mobile/ Wearables/ Cameras,TrulyHandsFree,Insta360,"$ 5,000.00",,2023！12,"$ 5,000.00",,VUI for action cameras,
zcrm_3679507000152772024,zcrm_3679507000152772025,zcrm_3679507000145143044,SOW,Joe Gianelli,,Chip/Noise Partner,Speech to text; Text to Speech,Xilinx/AMD,"$ 200,000.00",,2023！06,,,SensoryCloud STT porting,
zcrm_3679507000152354039,zcrm_3679507000152354040,zcrm_3679507000032822018,SOW,Osamu Kurihara,Other,Automotive,TrulyHandsFree,"Honda Motor Co., Ltd.","$ 200,000.00",,2023！05,,,Honda - SOW Tuning Siri models for 5 languages,
zcrm_3679507000152232061,zcrm_3679507000152232077,zcrm_3679507000148927013,License Fee,Sam Taban,,Other,TrulyHandsFree,Terrafix Ltd,"$ 10,000.00",,2023！09,,,Terrafix Ltd SDK,
zcrm_3679507000152215083,zcrm_3679507000152215084,zcrm_3679507000152215031,SOW,Kurt Zhang,,IoT/ Appliance/ Consumer & Home Electronics,TrulyHandsFree,Tymphany,"$ 3,000.00",,2023！08,"$ 3,000.00",,Embedded wakeword and voice command sets for Wifi smart speaker,
zcrm_3679507000150132238,zcrm_3679507000150132239,zcrm_3679507000140761027,License Fee,Simon Jeong,ReignCom Tech LTD,Automotive,TrulyHandsFree,"Kido Sports Co., Ltd.","$ 50,000.00",,2023！09,,,Kido Bike Smart Helmet,
zcrm_3679507000150132238,zcrm_3679507000150132240,zcrm_3679507000140761027,Royalty,Simon Jeong,ReignCom Tech LTD,Automotive,TrulyHandsFree,"Kido Sports Co., Ltd.","$ 7,000.00",,2023！12,,,Kido Bike Smart Helmet,
zcrm_3679507000150132165,zcrm_3679507000150132167,zcrm_3679507000001246230,Royalty,Simon Jeong,,IoT/ Appliance/ Consumer & Home Electronics,TrulyHandsFree,LG Uplus,$ 0.00,,2023！09,,,LG Uplus Home Camera,
zcrm_3679507000150132165,zcrm_3679507000150132168,zcrm_3679507000001246230,Royalty,Simon Jeong,,IoT/ Appliance/ Consumer & Home Electronics,TrulyHandsFree,LG Uplus,"$ 3,720.00",,2023！12,,,LG Uplus Home Camera,
zcrm_3679507000149179057,zcrm_3679507000149179073,zcrm_3679507000049959028,Royalty,San Yuen,,IoT/ Appliance/ Consumer & Home Electronics,TrulyHandsFree,Hallmark Hong Kong,"$ 10,000.00",,2023！11,,,Hallmark ISB2.0,
zcrm_3679507000149109005,zcrm_3679507000149109006,zcrm_3679507000001246202,License Fee,Osamu Kurihara,Sensory - Japan,Automotive,TrulyHandsFree; TrulyNatural,JVC KENWOOD Corporation,$ 0.00,,2023！07,,,JVC - Saisoku Car Navigation (After market),
zcrm_3679507000149109005,zcrm_3679507000149109009,zcrm_3679507000001246202,Royalty,Osamu Kurihara,Sensory - Japan,Automotive,TrulyHandsFree; TrulyNatural,JVC KENWOOD Corporation,$ 0.00,,2023！07,,,JVC - Saisoku Car Navigation (After market),
zcrm_3679507000148846069,zcrm_3679507000148846072,zcrm_3679507000145974176,Royalty,Sam Taban,,IoT/ Appliance/ Consumer & Home Electronics,TrulySecureFace; TrulySecureVoice,Giesecke+Devrient (G+D),"$ 100,000.00",,2023！09,,,Voice & Face Biometrics,
zcrm_3679507000148846069,zcrm_3679507000148846073,zcrm_3679507000145974176,Royalty,Sam Taban,,IoT/ Appliance/ Consumer & Home Electronics,TrulySecureFace; TrulySecureVoice,Giesecke+Devrient (G+D),"$ 20,000.00",,2023！12,,,Voice & Face Biometrics,
zcrm_3679507000148617001,zcrm_3679507000159824080,zcrm_3679507000132442015,SOW,Jeff Rogers,,IoT/ Appliance/ Consumer & Home Electronics,TrulyHandsFree,Havells India Limited,,"$ 2,600.00",2023！04,,,AC SOW,
zcrm_3679507000148412052,zcrm_3679507000148412054,zcrm_3679507000001246182,Royalty,San Yuen,,IoT/ Appliance/ Consumer & Home Electronics,TrulyHandsFree,Cyber Workshop,"$ 4,000.00",,2023！09,,,Magic fairy ball,
zcrm_3679507000148070010,zcrm_3679507000148070011,zcrm_3679507000126799212,License Fee,Jeff Rogers,,Automotive,TrulyHandsFree,"DSP Concepts, Inc.","$ 150,000.00",,2023！09,,,BMW,
zcrm_3679507000147320005,zcrm_3679507000147320006,zcrm_3679507000135944005,License Fee,Osamu Kurihara,Sensory - Japan,IoT/ Appliance/ Consumer & Home Electronics,TrulyHandsFree,Panasonic Corp. Electric Works Company,"$ 75,000.00",,2023！07,,,PanasonicEW - Intercom for Mansions,
zcrm_3679507000147320005,zcrm_3679507000147320007,zcrm_3679507000135944005,Royalty,Osamu Kurihara,Sensory - Japan,IoT/ Appliance/ Consumer & Home Electronics,TrulyHandsFree,Panasonic Corp. Electric Works Company,"$ 10,000.00",,2023！10,,,PanasonicEW - Intercom for Mansions,
zcrm_3679507000145797059,zcrm_3679507000145797060,zcrm_3679507000145638162,License Fee,San Yuen,,FinTech/ Enterprise/ Banking,TrulyHandsFree,QR Vietnam,"$ 10,000.00",,2023！09,,,smart phone voice password,
zcrm_3679507000145797007,zcrm_3679507000145797008,zcrm_3679507000001246159,License Fee,San Yuen,Cyberworkshop,Automotive,TrulyHandsFree,TCL Technology (HK) Co. Ltd.,"$ 10,000.00",,2023！11,,,local automobile THF control,
zcrm_3679507000144145007,zcrm_3679507000145797045,zcrm_3679507000144145001,Other,San Yuen,Cyberworkshop,IoT/ Appliance/ Consumer & Home Electronics,TrulyNatural; Wake word revalidation; TrulyHandsFree (Wake-word; Commands),VTECH,"$ 40,000.00",,2023！11,,,VTECH low power IOT wakeup with Truly Natural/STT,
zcrm_3679507000144145007,zcrm_3679507000144145046,zcrm_3679507000144145001,Royalty,San Yuen,Cyberworkshop,IoT/ Appliance/ Consumer & Home Electronics,TrulyNatural; Wake word revalidation; TrulyHandsFree (Wake-word; Commands),VTECH,"$ 40,000.00",,2023！09,,,VTECH low power IOT wakeup with Truly Natural/STT,
zcrm_3679507000143079007,zcrm_3679507000143079008,zcrm_3679507000001246200,SOW,Osamu Kurihara,Sensory - Japan,FinTech/ Enterprise/ Banking,TrulySecureFace,Fujitsu Limited,"$ 20,000.00",,2023！06,,,Fujitsu SOW - Development for NNL 8.0.1,
zcrm_3679507000142333159,zcrm_3679507000158044199,zcrm_3679507000001246149,Royalty,Kurt Zhang,,PC/ Mobile/ Wearables/ Cameras,TrulyHandsFree,GoerTek Inc,"$ 2,000.00",,2023！12,"$ 2,000.00",,THF Micro for QCC5171 TWS and SensoryCloud STT with ChatGPT capability,
zcrm_3679507000137822001,zcrm_3679507000137822002,zcrm_3679507000137126155,Other,Osamu Kurihara,,IoT/ Appliance/ Consumer & Home Electronics,TrulyHandsFree,"Panasonic Entertainment & Communication Co.,Ltd.",$ 0.00,,2023！10,,,PanasonicEC - Home Intercom,
zcrm_3679507000137788009,zcrm_3679507000137788013,zcrm_3679507000130315055,Royalty,Kurt Zhang,U-sand,IoT/ Appliance/ Consumer & Home Electronics,Speech to text,"Dalian CZUR Technology Co., Ltd","$ 1,000.00",,2023！09,"$ 1,000.00",,Sensory-hosted STT Cloud in English in Batch-processing Mode for Meeting Transcription,
zcrm_3679507000137535015,zcrm_3679507000137965039,zcrm_3679507000001246184,Royalty,San Yuen,,IoT/ Appliance/ Consumer & Home Electronics,TrulyHandsFree; Text to Speech,WATA Acoustics,"$ 12,750.00",,2023！04,,,QCC5126 TTS SX Geode,
zcrm_3679507000135959001,zcrm_3679507000144376094,zcrm_3679507000126966146,Other,Sam Taban,,Other,Sound ID revalidation,Ellona,"$ 5,000.00",,2023！12,,,Ellona SoundId,
zcrm_3679507000135434014,zcrm_3679507000135434019,zcrm_3679507000080568089,Royalty,Kurt Zhang,,IoT/ Appliance/ Consumer & Home Electronics,TrulyHandsFree,Robotemi Ltd,"$ 1,500.00",,2023！06,"$ 1,500.00",,Two-year Royalties of THF&VoiceHub for Personal Robots by Temi,
zcrm_3679507000135434014,zcrm_3679507000135434020,zcrm_3679507000080568089,Royalty,Kurt Zhang,,IoT/ Appliance/ Consumer & Home Electronics,TrulyHandsFree,Robotemi Ltd,"$ 2,000.00",,2023！09,"$ 2,000.00",,Two-year Royalties of THF&VoiceHub for Personal Robots by Temi,
zcrm_3679507000135434014,zcrm_3679507000135434021,zcrm_3679507000080568089,Royalty,Kurt Zhang,,IoT/ Appliance/ Consumer & Home Electronics,TrulyHandsFree,Robotemi Ltd,"$ 2,500.00",,2023！12,"$ 2,500.00",,Two-year Royalties of THF&VoiceHub for Personal Robots by Temi,
zcrm_3679507000133309592,zcrm_3679507000134225025,zcrm_3679507000130403019,Royalty,Sam Taban,,Other,TrulyHandsFree,RTX A/S,$ 295.00,$ 295.00,2023！04,,,THF Wireless DECT Headset,
zcrm_3679507000133309592,zcrm_3679507000134225026,zcrm_3679507000130403019,Royalty,Sam Taban,,Other,TrulyHandsFree,RTX A/S,"$ 5,000.00",,2023！09,,,THF Wireless DECT Headset,
zcrm_3679507000133309592,zcrm_3679507000134225027,zcrm_3679507000130403019,Royalty,Sam Taban,,Other,TrulyHandsFree,RTX A/S,"$ 10,000.00",,2023！12,,,THF Wireless DECT Headset,
zcrm_3679507000127721001,zcrm_3679507000127721003,zcrm_3679507000001246202,Royalty,Osamu Kurihara,Sensory - Japan,Automotive,TrulyHandsFree,JVC KENWOOD Corporation,$ 0.00,,2023！06,,,JVC - Enhanced Siri + Custom WW plus Commands for Japan market.,
zcrm_3679507000127721001,zcrm_3679507000127721005,zcrm_3679507000001246202,Royalty,Osamu Kurihara,Sensory - Japan,Automotive,TrulyHandsFree,JVC KENWOOD Corporation,$ 0.00,,2023！09,,,JVC - Enhanced Siri + Custom WW plus Commands for Japan market.,
zcrm_3679507000127721001,zcrm_3679507000128885068,zcrm_3679507000001246202,Royalty,Osamu Kurihara,Sensory - Japan,Automotive,TrulyHandsFree,JVC KENWOOD Corporation,$ 0.00,,2023！12,,,JVC - Enhanced Siri + Custom WW plus Commands for Japan market.,
zcrm_3679507000127721001,zcrm_3679507000127721002,zcrm_3679507000001246202,License Fee,Osamu Kurihara,Sensory - Japan,Automotive,TrulyHandsFree,JVC KENWOOD Corporation,$ 0.00,,2023！04,,,JVC - Enhanced Siri + Custom WW plus Commands for Japan market.,
zcrm_3679507000126343001,zcrm_3679507000145797030,zcrm_3679507000121069040,Royalty,San Yuen,Cyberworkshop,IoT,TrulyHandsFree; TrulySecureVoice,OLLI TECHNOLOGY CORP.,"$ 9,000.00",,2023！08,,,Olli TSSV w/wo THF,
zcrm_3679507000125528036,zcrm_3679507000155161179,zcrm_3679507000098471115,SOW,Jeff Rogers,,Automotive,TrulyHandsFree,Harman,"$ 400,000.00",,2023！07,,,BMW,
zcrm_3679507000125528036,zcrm_3679507000148070002,zcrm_3679507000098471115,License Fee,Jeff Rogers,,Automotive,TrulyHandsFree,Harman,"$ 250,000.00",,2023！09,,,BMW,
zcrm_3679507000125199063,zcrm_3679507000128921109,zcrm_3679507000001894015,Royalty,San Yuen,Cyberworkshop,PC/ Mobile/ Wearables/ Cameras,TrulyHandsFree,VTech Telecom,"$ 25,000.00",,2023！09,,,VTech VR headset,
zcrm_3679507000125199047,zcrm_3679507000128921096,zcrm_3679507000001246268,Royalty,San Yuen,Cyberworkshop,IoT/ Appliance/ Consumer & Home Electronics,TrulyHandsFree,VTech Electronics Limited,"$ 10,000.00",,2023！12,,,Vtech 2023 toys,
zcrm_3679507000117341058,zcrm_3679507000150807040,zcrm_3679507000110378045,Royalty,Jeff Rogers,,PC/ Mobile/ Wearables/ Cameras,TrulyHandsFree,Optus Mobile Pty Limited,"$ 3,000.00",,2023！12,,,Hey Optus running in cloud,
zcrm_3679507000117341058,zcrm_3679507000150807037,zcrm_3679507000110378045,Royalty,Jeff Rogers,,PC/ Mobile/ Wearables/ Cameras,TrulyHandsFree,Optus Mobile Pty Limited,$ 500.00,$ 484.80,2023！04,,,Hey Optus running in cloud,
zcrm_3679507000117341058,zcrm_3679507000150807038,zcrm_3679507000110378045,Royalty,Jeff Rogers,,PC/ Mobile/ Wearables/ Cameras,TrulyHandsFree,Optus Mobile Pty Limited,"$ 1,000.00",,2023！06,,,Hey Optus running in cloud,
zcrm_3679507000117341058,zcrm_3679507000150807039,zcrm_3679507000110378045,Royalty,Jeff Rogers,,PC/ Mobile/ Wearables/ Cameras,TrulyHandsFree,Optus Mobile Pty Limited,"$ 2,000.00",,2023！09,,,Hey Optus running in cloud,
zcrm_3679507000115896044,zcrm_3679507000115896056,zcrm_3679507000001893004,License Fee,Osamu Kurihara,Sensory - Japan,PC/ Mobile/ Wearables/ Cameras,TrulyHandsFree,Nikon Corporation,$ 0.00,,2023！07,,,Nikon - Digital Camera (for production),
zcrm_3679507000107289025,zcrm_3679507000148965087,zcrm_3679507000002553145,Royalty,Kurt Zhang,,PC/ Mobile/ Wearables/ Cameras,TrulySecureFace,Lenovo PC HK Limited,"$ 20,000.00",,2023！06,"$ 20,000.00",,TS Face Facial Unlock for Mid-range Android Tablet for global market,
zcrm_3679507000107289025,zcrm_3679507000148965088,zcrm_3679507000002553145,Royalty,Kurt Zhang,,PC/ Mobile/ Wearables/ Cameras,TrulySecureFace,Lenovo PC HK Limited,"$ 20,000.00",,2023！09,"$ 20,000.00",,TS Face Facial Unlock for Mid-range Android Tablet for global market,
zcrm_3679507000107289025,zcrm_3679507000148965089,zcrm_3679507000002553145,Royalty,Kurt Zhang,,PC/ Mobile/ Wearables/ Cameras,TrulySecureFace,Lenovo PC HK Limited,"$ 30,000.00",,2023！12,"$ 30,000.00",,TS Face Facial Unlock for Mid-range Android Tablet for global market,
zcrm_3679507000107136032,zcrm_3679507000107816058,zcrm_3679507000083324005,Royalty,Sam Taban,,Automotive,TrulyHandsFree; TrulySecureFace; TrulySecureVoice; TrulyNatural,Paragon Semvox GmbH,"$ 5,000.00",,2023！12,,,VW,
zcrm_3679507000105133001,zcrm_3679507000105133013,zcrm_3679507000001893004,Porting Aggreement,Osamu Kurihara,Sensory - Japan,PC/ Mobile/ Wearables/ Cameras,TrulyHandsFree; TrulyNatural,Nikon Corporation,$ 0.00,,2023！07,,,Nikon - Porting for Nikon SoC,
zcrm_3679507000098061063,zcrm_3679507000159824243,zcrm_3679507000001246278,Royalty,Simon Jeong,,IoT,TrulyHandsFree; TrulySecureFace,"XYZprinting, Inc.",,$ 41.25,2023！04,,,XYZprinting_Himirror,
zcrm_3679507000097185001,zcrm_3679507000148846025,zcrm_3679507000096924001,Royalty,Sam Taban,,FinTech/ Enterprise/ Banking,TrulyHandsFree,Hewlett Packard Enterprise,"$ 10,000.00",,2023！09,,,HPE OCMP,
zcrm_3679507000097185001,zcrm_3679507000148846026,zcrm_3679507000096924001,Royalty,Sam Taban,,FinTech/ Enterprise/ Banking,TrulyHandsFree,Hewlett Packard Enterprise,"$ 20,000.00",,2023！12,,,HPE OCMP,
zcrm_3679507000096877014,zcrm_3679507000122443023,zcrm_3679507000092237075,Royalty,Sam Taban,,PC/ Mobile/ Wearables/ Cameras,TrulyHandsFree,CeoTronics AG,"$ 5,000.00",,2023！09,,,Control/Communication Units,
zcrm_3679507000096877014,zcrm_3679507000122443027,zcrm_3679507000092237075,Royalty,Sam Taban,,PC/ Mobile/ Wearables/ Cameras,TrulyHandsFree,CeoTronics AG,"$ 5,000.00",,2023！12,,,Control/Communication Units,
zcrm_3679507000091665003,zcrm_3679507000129014022,zcrm_3679507000059326001,Support,Simon Jeong,ReignCom Tech LTD,IoT,TrulyHandsFree,IoTED Corporation,$ 41.67,,2023！07,,,IoTED Edu Robot,
zcrm_3679507000091665003,zcrm_3679507000129014023,zcrm_3679507000059326001,Support,Simon Jeong,ReignCom Tech LTD,IoT,TrulyHandsFree,IoTED Corporation,$ 41.67,,2023！08,,,IoTED Edu Robot,
zcrm_3679507000091665003,zcrm_3679507000129014024,zcrm_3679507000059326001,Support,Simon Jeong,ReignCom Tech LTD,IoT,TrulyHandsFree,IoTED Corporation,$ 41.67,,2023！09,,,IoTED Edu Robot,
zcrm_3679507000091665003,zcrm_3679507000129014019,zcrm_3679507000059326001,Support,Simon Jeong,ReignCom Tech LTD,IoT,TrulyHandsFree,IoTED Corporation,$ 41.67,,2023！04,,,IoTED Edu Robot,
zcrm_3679507000091665003,zcrm_3679507000129014020,zcrm_3679507000059326001,Support,Simon Jeong,ReignCom Tech LTD,IoT,TrulyHandsFree,IoTED Corporation,$ 41.67,,2023！05,,,IoTED Edu Robot,
zcrm_3679507000091665003,zcrm_3679507000129014021,zcrm_3679507000059326001,Support,Simon Jeong,ReignCom Tech LTD,IoT,TrulyHandsFree,IoTED Corporation,$ 41.67,,2023！06,,,IoTED Edu Robot,
zcrm_3679507000091488001,zcrm_3679507000091488017,zcrm_3679507000002495256,Royalty,Osamu Kurihara,Sensory - Japan,Automotive,TrulyHandsFree,Grape Systems Inc.,$ 0.00,,2023！07,,,Grape Systems - AlpsAlpine's Display Audio,
zcrm_3679507000087660279,zcrm_3679507000145227008,zcrm_3679507000001241152,Support,Bernie Brafman,,FinTech/ Enterprise/ Banking,TrulyHandsFree; TrulyNatural,Harbor Industries,,,2023！05,,,Harbor: SLA: LF+Maint,
zcrm_3679507000087660279,zcrm_3679507000145227009,zcrm_3679507000001241152,License Fee,Bernie Brafman,,FinTech/ Enterprise/ Banking,TrulyHandsFree; TrulyNatural,Harbor Industries,,,2023！05,,,Harbor: SLA: LF+Maint,
zcrm_3679507000087660279,zcrm_3679507000145227010,zcrm_3679507000001241152,Support,Bernie Brafman,,FinTech/ Enterprise/ Banking,TrulyHandsFree; TrulyNatural,Harbor Industries,,,2023！08,,,Harbor: SLA: LF+Maint,
zcrm_3679507000079497262,zcrm_3679507000128948024,zcrm_3679507000001894015,Royalty,San Yuen,Cyberworkshop,PC/ Mobile/ Wearables/ Cameras,TrulyHandsFree,VTech Telecom,"$ 11,700.00",,2023！06,,,Vtech/GN Audio: Redline II (350XT refresh),
zcrm_3679507000079497262,zcrm_3679507000128948025,zcrm_3679507000001894015,Royalty,San Yuen,Cyberworkshop,PC/ Mobile/ Wearables/ Cameras,TrulyHandsFree,VTech Telecom,"$ 17,550.00",,2023！09,,,Vtech/GN Audio: Redline II (350XT refresh),
zcrm_3679507000079497236,zcrm_3679507000128948013,zcrm_3679507000001894015,Royalty,San Yuen,Cyberworkshop,PC/ Mobile/ Wearables/ Cameras,TrulyHandsFree,VTech Telecom,"$ 35,100.00",,2023！06,,,Vtech/GN Audio: Xenon (450XT refresh),
zcrm_3679507000079497236,zcrm_3679507000128948014,zcrm_3679507000001894015,Royalty,San Yuen,Cyberworkshop,PC/ Mobile/ Wearables/ Cameras,TrulyHandsFree,VTech Telecom,"$ 35,100.00",,2023！09,,,Vtech/GN Audio: Xenon (450XT refresh),
zcrm_3679507000079497210,zcrm_3679507000128948002,zcrm_3679507000001894015,Royalty,San Yuen,Cyberworkshop,PC/ Mobile/ Wearables/ Cameras,TrulyHandsFree,VTech Telecom,"$ 14,600.00",,2023！06,,,VTech/GN (FSTTS+ D4 THF) B550XT,
zcrm_3679507000079497210,zcrm_3679507000128948003,zcrm_3679507000001894015,Royalty,San Yuen,Cyberworkshop,PC/ Mobile/ Wearables/ Cameras,TrulyHandsFree,VTech Telecom,"$ 7,300.00",,2023！09,,,VTech/GN (FSTTS+ D4 THF) B550XT,
zcrm_3679507000075791004,zcrm_3679507000125338001,zcrm_3679507000001246271,Royalty,Osamu Kurihara,Sensory - Japan,Automotive,TrulyHandsFree,Pioneer Corporation,$ 0.00,,2023！06,,,Pioneer - BLE Communicator (Intercom for Motor Cycle),
zcrm_3679507000075791004,zcrm_3679507000125338002,zcrm_3679507000001246271,Royalty,Osamu Kurihara,Sensory - Japan,Automotive,TrulyHandsFree,Pioneer Corporation,$ 0.00,,2023！09,,,Pioneer - BLE Communicator (Intercom for Motor Cycle),
zcrm_3679507000075791004,zcrm_3679507000125338003,zcrm_3679507000001246271,Royalty,Osamu Kurihara,Sensory - Japan,Automotive,TrulyHandsFree,Pioneer Corporation,$ 0.00,,2023！12,,,Pioneer - BLE Communicator (Intercom for Motor Cycle),
zcrm_3679507000069547065,zcrm_3679507000145374036,zcrm_3679507000038897233,Royalty,Bernie Brafman,,Other,TrulyHandsFree,DB Tech Products,"$ 2,000.00",,2023！06,,,Jayco SLA,
zcrm_3679507000069547065,zcrm_3679507000145374037,zcrm_3679507000038897233,Royalty,Bernie Brafman,,Other,TrulyHandsFree,DB Tech Products,"$ 2,000.00",,2023！09,,,Jayco SLA,
zcrm_3679507000056577001,zcrm_3679507000155064031,zcrm_3679507000001241096,Royalty,Jeff Rogers,,Other,TrulyHandsFree,Libre Wireless,"$ 10,000.00",,2023！06,,,"Libre Wireless - Havells products (AC, Fan, Water Heater)",
zcrm_3679507000056577001,zcrm_3679507000155064032,zcrm_3679507000001241096,Royalty,Jeff Rogers,,Other,TrulyHandsFree,Libre Wireless,"$ 10,000.00",,2023！09,,,"Libre Wireless - Havells products (AC, Fan, Water Heater)",
zcrm_3679507000056386002,zcrm_3679507000152519101,zcrm_3679507000001241191,Support,Bernie Brafman,,Medical/ Healthcare,TrulyHandsFree,Fujifilm Sonosite Inc,"$ 3,500.00",,2023！07,,,Neo,
zcrm_3679507000056386002,zcrm_3679507000152519102,zcrm_3679507000001241191,Other,Bernie Brafman,,Medical/ Healthcare,TrulyHandsFree,Fujifilm Sonosite Inc,"$ 3,500.00",,2023！10,,,Neo,
zcrm_3679507000056386002,zcrm_3679507000152519100,zcrm_3679507000001241191,Support,Bernie Brafman,,Medical/ Healthcare,TrulyHandsFree,Fujifilm Sonosite Inc,"$ 3,500.00","$ 3,500.00",2023！04,,,Neo,
zcrm_3679507000052116063,zcrm_3679507000150052222,zcrm_3679507000000585106,Royalty,Jeff Rogers,,PC/ Mobile/ Wearables/ Cameras,TrulyHandsFree,"GoPro, Inc.","$ 55,000.00","$ 54,962.08",2023！04,,,GoPro 2020 cameras,
zcrm_3679507000052116063,zcrm_3679507000150052223,zcrm_3679507000000585106,Royalty,Jeff Rogers,,PC/ Mobile/ Wearables/ Cameras,TrulyHandsFree,"GoPro, Inc.","$ 70,000.00",,2023！06,,,GoPro 2020 cameras,
zcrm_3679507000052116063,zcrm_3679507000150052224,zcrm_3679507000000585106,Royalty,Jeff Rogers,,PC/ Mobile/ Wearables/ Cameras,TrulyHandsFree,"GoPro, Inc.","$ 75,000.00",,2023！09,,,GoPro 2020 cameras,
zcrm_3679507000052116003,zcrm_3679507000159824234,zcrm_3679507000036150079,Support,Jeff Rogers,,FinTech/ Enterprise/ Banking,TrulyHandsFree; TrulyNatural,"Zoom Video Communications, Inc.",,"$ 5,000.00",2023！04,,,Zoom conference room,
zcrm_3679507000049637010,zcrm_3679507000149089018,zcrm_3679507000001241131,Support,Bernie Brafman,,PC/ Mobile/ Wearables/ Cameras,TrulyHandsFree; TrulyNatural,Magic Leap Inc.,"$ 3,500.00",,2023！05,,,ML2 SLA,
zcrm_3679507000049637010,zcrm_3679507000149089019,zcrm_3679507000001241131,License Fee,Bernie Brafman,,PC/ Mobile/ Wearables/ Cameras,TrulyHandsFree; TrulyNatural,Magic Leap Inc.,"$ 50,000.00",,2023！06,,,ML2 SLA,
zcrm_3679507000049637010,zcrm_3679507000149089020,zcrm_3679507000001241131,Support,Bernie Brafman,,PC/ Mobile/ Wearables/ Cameras,TrulyHandsFree; TrulyNatural,Magic Leap Inc.,"$ 3,500.00",,2023！08,,,ML2 SLA,
zcrm_3679507000049637010,zcrm_3679507000149089021,zcrm_3679507000001241131,License Fee,Bernie Brafman,,PC/ Mobile/ Wearables/ Cameras,TrulyHandsFree; TrulyNatural,Magic Leap Inc.,"$ 50,000.00",,2023！09,,,ML2 SLA,
zcrm_3679507000042480007,zcrm_3679507000128948046,zcrm_3679507000001894015,Royalty,San Yuen,Cyberworkshop,PC/ Mobile/ Wearables/ Cameras,TrulyHandsFree; TrulyNatural,VTech Telecom,"$ 12,000.00",,2023！06,,,Vtech/GN QCC512X BT projects (GN S650-XT),
zcrm_3679507000042480007,zcrm_3679507000128948047,zcrm_3679507000001894015,Royalty,San Yuen,Cyberworkshop,PC/ Mobile/ Wearables/ Cameras,TrulyHandsFree; TrulyNatural,VTech Telecom,"$ 12,000.00",,2023！09,,,Vtech/GN QCC512X BT projects (GN S650-XT),
zcrm_3679507000039196040,zcrm_3679507000145374048,zcrm_3679507000001246137,Royalty,Bernie Brafman,,FinTech/ Enterprise/ Banking,TrulySecureFace,BioConnect,"$ 4,195.00","$ 4,195.05",2023！04,,,BioConnect SLA,
zcrm_3679507000039196040,zcrm_3679507000145374049,zcrm_3679507000001246137,Royalty,Bernie Brafman,,FinTech/ Enterprise/ Banking,TrulySecureFace,BioConnect,"$ 3,000.00",,2023！06,,,BioConnect SLA,
zcrm_3679507000039196040,zcrm_3679507000145374050,zcrm_3679507000001246137,Royalty,Bernie Brafman,,FinTech/ Enterprise/ Banking,TrulySecureFace,BioConnect,"$ 3,000.00",,2023！09,,,BioConnect SLA,
zcrm_3679507000039153107,zcrm_3679507000128970194,zcrm_3679507000001246230,Support,Simon Jeong,,PC/ Mobile/ Wearables/ Cameras,TrulyHandsFree,LG Uplus,$ 243.00,,2023！09,,,TV Free IPTV service with Lenovo tablet (Hey Clova),
zcrm_3679507000039153107,zcrm_3679507000150132154,zcrm_3679507000001246230,License Fee,Simon Jeong,,PC/ Mobile/ Wearables/ Cameras,TrulyHandsFree,LG Uplus,"$ 47,500.00",,2023！12,,,TV Free IPTV service with Lenovo tablet (Hey Clova),
zcrm_3679507000039153107,zcrm_3679507000128970195,zcrm_3679507000001246230,Support,Simon Jeong,,PC/ Mobile/ Wearables/ Cameras,TrulyHandsFree,LG Uplus,$ 243.00,,2023！10,,,TV Free IPTV service with Lenovo tablet (Hey Clova),
zcrm_3679507000039153107,zcrm_3679507000128970196,zcrm_3679507000001246230,Support,Simon Jeong,,PC/ Mobile/ Wearables/ Cameras,TrulyHandsFree,LG Uplus,$ 243.00,,2023！11,,,TV Free IPTV service with Lenovo tablet (Hey Clova),
zcrm_3679507000039153107,zcrm_3679507000128970189,zcrm_3679507000001246230,Support,Simon Jeong,,PC/ Mobile/ Wearables/ Cameras,TrulyHandsFree,LG Uplus,$ 243.00,,2023！04,,,TV Free IPTV service with Lenovo tablet (Hey Clova),
zcrm_3679507000039153107,zcrm_3679507000128970197,zcrm_3679507000001246230,Support,Simon Jeong,,PC/ Mobile/ Wearables/ Cameras,TrulyHandsFree,LG Uplus,$ 243.00,,2023！12,,,TV Free IPTV service with Lenovo tablet (Hey Clova),
zcrm_3679507000039153107,zcrm_3679507000128970190,zcrm_3679507000001246230,Support,Simon Jeong,,PC/ Mobile/ Wearables/ Cameras,TrulyHandsFree,LG Uplus,$ 243.00,,2023！05,,,TV Free IPTV service with Lenovo tablet (Hey Clova),
zcrm_3679507000039153107,zcrm_3679507000128970191,zcrm_3679507000001246230,Support,Simon Jeong,,PC/ Mobile/ Wearables/ Cameras,TrulyHandsFree,LG Uplus,$ 243.00,,2023！06,,,TV Free IPTV service with Lenovo tablet (Hey Clova),
zcrm_3679507000039153107,zcrm_3679507000128970192,zcrm_3679507000001246230,Support,Simon Jeong,,PC/ Mobile/ Wearables/ Cameras,TrulyHandsFree,LG Uplus,$ 243.00,,2023！07,,,TV Free IPTV service with Lenovo tablet (Hey Clova),
zcrm_3679507000039153107,zcrm_3679507000128970193,zcrm_3679507000001246230,Support,Simon Jeong,,PC/ Mobile/ Wearables/ Cameras,TrulyHandsFree,LG Uplus,$ 243.00,,2023！08,,,TV Free IPTV service with Lenovo tablet (Hey Clova),
zcrm_3679507000037840103,zcrm_3679507000148213020,zcrm_3679507000037840090,SOW,Jeff Rogers,,Other,TrulyHandsFree; TrulySecureFace; TrulySecureVoice; TrulyNatural,Unknown Customer,"$ 10,000.00",,2023！07,,,Unknown customers,
zcrm_3679507000037840103,zcrm_3679507000159824252,zcrm_3679507000037840090,Royalty,Jeff Rogers,,Other,TrulyHandsFree; TrulySecureFace; TrulySecureVoice; TrulyNatural,Unknown Customer,,"-$ 438,745.00",2023！04,,,Unknown customers,
zcrm_3679507000037840103,zcrm_3679507000148213021,zcrm_3679507000037840090,SOW,Jeff Rogers,,Other,TrulyHandsFree; TrulySecureFace; TrulySecureVoice; TrulyNatural,Unknown Customer,"$ 10,000.00",,2023！08,,,Unknown customers,
zcrm_3679507000037840103,zcrm_3679507000159824261,zcrm_3679507000037840090,License Fee,Jeff Rogers,,Other,TrulyHandsFree; TrulySecureFace; TrulySecureVoice; TrulyNatural,Unknown Customer,,"$ 16,600.00",2023！04,,,Unknown customers,
zcrm_3679507000037840103,zcrm_3679507000148213022,zcrm_3679507000037840090,SOW,Jeff Rogers,,Other,TrulyHandsFree; TrulySecureFace; TrulySecureVoice; TrulyNatural,Unknown Customer,"$ 10,000.00",,2023！09,,,Unknown customers,
zcrm_3679507000037840103,zcrm_3679507000148213017,zcrm_3679507000037840090,SOW,Jeff Rogers,,Other,TrulyHandsFree; TrulySecureFace; TrulySecureVoice; TrulyNatural,Unknown Customer,"$ 10,000.00",,2023！04,,,Unknown customers,
zcrm_3679507000037840103,zcrm_3679507000148213018,zcrm_3679507000037840090,SOW,Jeff Rogers,,Other,TrulyHandsFree; TrulySecureFace; TrulySecureVoice; TrulyNatural,Unknown Customer,"$ 10,000.00",,2023！05,,,Unknown customers,
zcrm_3679507000037840103,zcrm_3679507000148213019,zcrm_3679507000037840090,SOW,Jeff Rogers,,Other,TrulyHandsFree; TrulySecureFace; TrulySecureVoice; TrulyNatural,Unknown Customer,"$ 10,000.00",,2023！06,,,Unknown customers,
zcrm_3679507000036063031,zcrm_3679507000143086034,zcrm_3679507000001246182,Royalty,San Yuen,,IoT,TrulyHandsFree,Cyber Workshop,"$ 5,000.00",,2023！09,,,CBW new THF,
zcrm_3679507000032219083,zcrm_3679507000137965026,zcrm_3679507000032219075,Royalty,San Yuen,,PC/ Mobile/ Wearables/ Cameras,TrulyHandsFree,Lenovo (Beijing) Limited,"$ 6,000.00",,2023！09,,,Lenovo (Beijing) Limited,
zcrm_3679507000025136016,zcrm_3679507000142968027,zcrm_3679507000002495354,Royalty,Simon Jeong,,IoT/ Appliance/ Consumer & Home Electronics,TrulyHandsFree,"MarkT Co., Ltd.","$ 4,356.00",,2023！12,,,Naver Clova SoM biz,
zcrm_3679507000025136016,zcrm_3679507000133958005,zcrm_3679507000002495354,Royalty,Simon Jeong,,IoT/ Appliance/ Consumer & Home Electronics,TrulyHandsFree,"MarkT Co., Ltd.","$ 1,089.00",,2023！10,,,Naver Clova SoM biz,
zcrm_3679507000025077260,zcrm_3679507000025077288,zcrm_3679507000001246182,Royalty,San Yuen,,IoT,TrulyNatural,Cyber Workshop,"$ 5,000.00",,2023！09,,,CBW TN/THF module,
zcrm_3679507000024138101,zcrm_3679507000152709082,zcrm_3679507000005156003,Royalty,Jeff Rogers,,Other,TrulyHandsFree,Peloton Interactive Inc,"$ 5,000.00",,2023！06,,,Caspian,
zcrm_3679507000024138101,zcrm_3679507000152709083,zcrm_3679507000005156003,Other,Jeff Rogers,,Other,TrulyHandsFree,Peloton Interactive Inc,"$ 5,000.00",,2023！09,,,Caspian,
zcrm_3679507000018838026,zcrm_3679507000159951168,zcrm_3679507000001241167,Support,Bernie Brafman,,Other,TrulyHandsFree,"Merlyn Mind, Inc.","$ 3,500.00",,2023！06,,,Merlyn Mind Symphony Classroom SLA,
zcrm_3679507000018838026,zcrm_3679507000159951169,zcrm_3679507000001241167,Support,Bernie Brafman,,Other,TrulyHandsFree,"Merlyn Mind, Inc.","$ 3,500.00",,2023！09,,,Merlyn Mind Symphony Classroom SLA,
zcrm_3679507000015505003,zcrm_3679507000145227022,zcrm_3679507000007299001,Royalty,Bernie Brafman,,FinTech/ Enterprise/ Banking,TrulySecureFace,Keyless Technologies Ltd.,"$ 6,250.00","$ 6,250.00",2023！04,,,Keyless Liveness/Anti-Spoofing,
zcrm_3679507000015505003,zcrm_3679507000145227023,zcrm_3679507000007299001,Royalty,Bernie Brafman,,FinTech/ Enterprise/ Banking,TrulySecureFace,Keyless Technologies Ltd.,"$ 6,250.00",,2023！06,,,Keyless Liveness/Anti-Spoofing,
zcrm_3679507000015505003,zcrm_3679507000145227024,zcrm_3679507000007299001,Other,Bernie Brafman,,FinTech/ Enterprise/ Banking,TrulySecureFace,Keyless Technologies Ltd.,"$ 31,250.00",,2023！09,,,Keyless Liveness/Anti-Spoofing,
zcrm_3679507000012471005,zcrm_3679507000013200085,zcrm_3679507000006108034,License Fee,San Yuen,Cyberworkshop,IoT,TrulyNatural,Harman International,"$ 4,750.00",,2023！10,,,Harman TN IOT,
zcrm_3679507000012471005,zcrm_3679507000137965016,zcrm_3679507000006108034,Royalty,San Yuen,Cyberworkshop,IoT,TrulyNatural,Harman International,"$ 5,000.00",,2023！12,,,Harman TN IOT,
zcrm_3679507000009312004,zcrm_3679507000152369087,zcrm_3679507000003366099,Royalty,Bernie Brafman,,Medical/ Healthcare,TrulyHandsFree,"Aloe Care Health, Inc.","$ 3,000.00",,2023！06,,,Aloe Care SLA,
zcrm_3679507000009312004,zcrm_3679507000152369088,zcrm_3679507000003366099,Royalty,Bernie Brafman,,Medical/ Healthcare,TrulyHandsFree,"Aloe Care Health, Inc.","$ 3,000.00",,2023！09,,,Aloe Care SLA,
zcrm_3679507000006839194,zcrm_3679507000148617116,zcrm_3679507000006839185,Royalty,Jeff Rogers,,PC/ Mobile/ Wearables/ Cameras,TrulyHandsFree,"Best Buy Health, Inc.","$ 25,000.00",,2023！06,,,"Best Buy Health: GC ""Lively Flip"" Flip Phone",
zcrm_3679507000006839194,zcrm_3679507000148617117,zcrm_3679507000006839185,Royalty,Jeff Rogers,,PC/ Mobile/ Wearables/ Cameras,TrulyHandsFree,"Best Buy Health, Inc.","$ 25,000.00",,2023！09,,,"Best Buy Health: GC ""Lively Flip"" Flip Phone",
zcrm_3679507000006108043,zcrm_3679507000048213055,zcrm_3679507000006108034,Royalty,San Yuen,Cyberworkshop,IoT,TrulyHandsFree,Harman International,"$ 3,000.00",,2023！09,,,Harman Vietnam Ki Ki Qi smart speaker,
zcrm_3679507000006108043,zcrm_3679507000070089028,zcrm_3679507000006108034,Royalty,San Yuen,Cyberworkshop,IoT,TrulyHandsFree,Harman International,"$ 7,000.00",,2023！12,,,Harman Vietnam Ki Ki Qi smart speaker,
zcrm_3679507000005968230,zcrm_3679507000155017048,zcrm_3679507000001246184,Royalty,San Yuen,,PC/ Mobile/ Wearables/ Cameras,TrulyHandsFree,WATA Acoustics,"$ 9,044.00",,2023！06,,,"GN Audio/WATA Acoustics-Blue Genie: REVENUE TRACKING PPD B or C300XT ""Gimli"" AND C400XT ""Ranger""",
zcrm_3679507000005968230,zcrm_3679507000155017049,zcrm_3679507000001246184,Royalty,San Yuen,,PC/ Mobile/ Wearables/ Cameras,TrulyHandsFree,WATA Acoustics,"$ 9,044.00",,2023！07,,,"GN Audio/WATA Acoustics-Blue Genie: REVENUE TRACKING PPD B or C300XT ""Gimli"" AND C400XT ""Ranger""",
zcrm_3679507000005968230,zcrm_3679507000155017050,zcrm_3679507000001246184,Other,San Yuen,,PC/ Mobile/ Wearables/ Cameras,TrulyHandsFree,WATA Acoustics,"$ 12,000.00",,2023！07,,,"GN Audio/WATA Acoustics-Blue Genie: REVENUE TRACKING PPD B or C300XT ""Gimli"" AND C400XT ""Ranger""",
zcrm_3679507000005968230,zcrm_3679507000155017051,zcrm_3679507000001246184,Royalty,San Yuen,,PC/ Mobile/ Wearables/ Cameras,TrulyHandsFree,WATA Acoustics,"$ 9,044.00",,2023！08,,,"GN Audio/WATA Acoustics-Blue Genie: REVENUE TRACKING PPD B or C300XT ""Gimli"" AND C400XT ""Ranger""",
zcrm_3679507000005968230,zcrm_3679507000155017052,zcrm_3679507000001246184,Other,San Yuen,,PC/ Mobile/ Wearables/ Cameras,TrulyHandsFree,WATA Acoustics,"$ 9,044.00",,2023！09,,,"GN Audio/WATA Acoustics-Blue Genie: REVENUE TRACKING PPD B or C300XT ""Gimli"" AND C400XT ""Ranger""",
zcrm_3679507000005968230,zcrm_3679507000155017046,zcrm_3679507000001246184,Royalty,San Yuen,,PC/ Mobile/ Wearables/ Cameras,TrulyHandsFree,WATA Acoustics,"$ 6,803.40","$ 6,803.40",2023！04,,,"GN Audio/WATA Acoustics-Blue Genie: REVENUE TRACKING PPD B or C300XT ""Gimli"" AND C400XT ""Ranger""",
zcrm_3679507000005968230,zcrm_3679507000155017047,zcrm_3679507000001246184,Royalty,San Yuen,,PC/ Mobile/ Wearables/ Cameras,TrulyHandsFree,WATA Acoustics,"$ 5,950.00",,2023！05,,,"GN Audio/WATA Acoustics-Blue Genie: REVENUE TRACKING PPD B or C300XT ""Gimli"" AND C400XT ""Ranger""",
zcrm_3679507000005780026,zcrm_3679507000159356277,zcrm_3679507000002495566,Royalty,Bernie Brafman,,Other,TrulyHandsFree,UrSafe Technologies,$ 500.00,,2023！04,,,ur safe SLA,
zcrm_3679507000005780026,zcrm_3679507000159356279,zcrm_3679507000002495566,Royalty,Bernie Brafman,,Other,TrulyHandsFree,UrSafe Technologies,$ 500.00,,2023！10,,,ur safe SLA,
zcrm_3679507000005741005,zcrm_3679507000106772055,zcrm_3679507000001345157,Royalty,Bernie Brafman,,Other,TrulyHandsFree; TrulySecureFace; TrulySecureVoice,Resideo,"$ 5,000.00",,2023！04,,,Resideo: RELEASED PRODUCTS+REVENUES,
zcrm_3679507000005741005,zcrm_3679507000106772057,zcrm_3679507000001345157,Royalty,Bernie Brafman,,Other,TrulyHandsFree; TrulySecureFace; TrulySecureVoice,Resideo,"$ 5,000.00",,2023！07,,,Resideo: RELEASED PRODUCTS+REVENUES,
zcrm_3679507000005741005,zcrm_3679507000106772067,zcrm_3679507000001345157,Royalty,Bernie Brafman,,Other,TrulyHandsFree; TrulySecureFace; TrulySecureVoice,Resideo,"$ 5,000.00",,2023！10,,,Resideo: RELEASED PRODUCTS+REVENUES,
zcrm_3679507000004563019,zcrm_3679507000152232027,zcrm_3679507000001246172,Royalty,Sam Taban,,IoT/ Appliance/ Consumer & Home Electronics,TrulyHandsFree,Sagemcom Broadband SAS,"$ 3,500.00",$ 75.45,2023！04,,,Sound Box (Hola Atika - Vodafone),
zcrm_3679507000004563019,zcrm_3679507000144376003,zcrm_3679507000001246172,Royalty,Sam Taban,,IoT/ Appliance/ Consumer & Home Electronics,TrulyHandsFree,Sagemcom Broadband SAS,"$ 3,500.00",,2023！06,,,Sound Box (Hola Atika - Vodafone),
zcrm_3679507000004563019,zcrm_3679507000144376004,zcrm_3679507000001246172,Royalty,Sam Taban,,IoT/ Appliance/ Consumer & Home Electronics,TrulyHandsFree,Sagemcom Broadband SAS,"$ 3,500.00",,2023！09,,,Sound Box (Hola Atika - Vodafone),
zcrm_3679507000004462042,zcrm_3679507000107341031,zcrm_3679507000001246182,Other,San Yuen,,Other,TrulyHandsFree,Cyber Workshop,"$ 5,000.00",,2023！09,,,CBW NLP chip,
zcrm_3679507000004408033,zcrm_3679507000128892013,zcrm_3679507000001246173,Royalty,Sam Taban,,IoT,TrulyHandsFree,SA Telecom Design,"$ 5,000.00",,2023！06,,,Verisure,
zcrm_3679507000004408033,zcrm_3679507000128892014,zcrm_3679507000001246173,Royalty,Sam Taban,,IoT,TrulyHandsFree,SA Telecom Design,"$ 5,000.00",,2023！09,,,Verisure,
zcrm_3679507000004364001,zcrm_3679507000155414001,zcrm_3679507000001585047,Royalty,Osamu Kurihara,Sensory - Japan,PC/ Mobile/ Wearables/ Cameras,TrulyNatural,Kyocera Corporation,"$ 10,000.00",,2023！07,,,Kyocera - Voice Command for AFP (TNL),
zcrm_3679507000004364001,zcrm_3679507000146572051,zcrm_3679507000001585047,Royalty,Osamu Kurihara,Sensory - Japan,PC/ Mobile/ Wearables/ Cameras,TrulyNatural,Kyocera Corporation,"$ 21,000.00",,2023！05,,,Kyocera - Voice Command for AFP (TNL),
zcrm_3679507000004364001,zcrm_3679507000155414002,zcrm_3679507000001585047,Royalty,Osamu Kurihara,Sensory - Japan,PC/ Mobile/ Wearables/ Cameras,TrulyNatural,Kyocera Corporation,"$ 10,000.00",,2023！10,,,Kyocera - Voice Command for AFP (TNL),
zcrm_3679507000004231094,zcrm_3679507000159077001,zcrm_3679507000005685059,Royalty,Osamu Kurihara,,PC/ Mobile/ Wearables/ Cameras,TrulyHandsFree,Canon Inc.,$ 0.00,,2023！07,,,Canon - PowerShot PICK (Production),
zcrm_3679507000004231094,zcrm_3679507000159077002,zcrm_3679507000005685059,Royalty,Osamu Kurihara,,PC/ Mobile/ Wearables/ Cameras,TrulyHandsFree,Canon Inc.,$ 0.00,,2023！10,,,Canon - PowerShot PICK (Production),
zcrm_3679507000004231094,zcrm_3679507000149082005,zcrm_3679507000005685059,Royalty,Osamu Kurihara,,PC/ Mobile/ Wearables/ Cameras,TrulyHandsFree,Canon Inc.,$ 0.00,,2023！04,,,Canon - PowerShot PICK (Production),
zcrm_3679507000004231007,zcrm_3679507000146572014,zcrm_3679507000001246200,Royalty,Osamu Kurihara,Sensory - Japan,FinTech/ Enterprise/ Banking,TrulySecureFace,Fujitsu Limited,"$ 15,000.00","$ 10,000.00",2023！04,,,Fujitsu - Security for Cloud Services,
zcrm_3679507000004231007,zcrm_3679507000146572023,zcrm_3679507000001246200,Royalty,Osamu Kurihara,Sensory - Japan,FinTech/ Enterprise/ Banking,TrulySecureFace,Fujitsu Limited,"$ 10,000.00",,2023！06,,,Fujitsu - Security for Cloud Services,
zcrm_3679507000004231007,zcrm_3679507000146572024,zcrm_3679507000001246200,Royalty,Osamu Kurihara,Sensory - Japan,FinTech/ Enterprise/ Banking,TrulySecureFace,Fujitsu Limited,"$ 10,000.00",,2023！09,,,Fujitsu - Security for Cloud Services,
zcrm_3679507000003893018,zcrm_3679507000145227057,zcrm_3679507000001241124,Royalty,Bernie Brafman,,PC/ Mobile/ Wearables/ Cameras,TrulyHandsFree,"Vocera Communications, Inc.","$ 10,000.00",,2023！06,,,Vocera Smartbadge,
zcrm_3679507000003893018,zcrm_3679507000145227058,zcrm_3679507000001241124,Royalty,Bernie Brafman,,PC/ Mobile/ Wearables/ Cameras,TrulyHandsFree,"Vocera Communications, Inc.","$ 10,000.00",,2023！09,,,Vocera Smartbadge,
zcrm_3679507000003893018,zcrm_3679507000145227056,zcrm_3679507000001241124,Royalty,Bernie Brafman,,PC/ Mobile/ Wearables/ Cameras,TrulyHandsFree,"Vocera Communications, Inc.","$ 9,546.00","$ 9,546.00",2023！04,,,Vocera Smartbadge,
zcrm_3679507000003275109,zcrm_3679507000145227071,zcrm_3679507000002961001,Support,Bernie Brafman,,Medical/ Healthcare,TrulyHandsFree; TrulySecureVoice; TrulyNatural,Robin Healthcare,"$ 1,750.00",,2023！09,,,Dictation Speaker,
zcrm_3679507000003275109,zcrm_3679507000146132066,zcrm_3679507000002961001,Royalty,Bernie Brafman,,Medical/ Healthcare,TrulyHandsFree; TrulySecureVoice; TrulyNatural,Robin Healthcare,"$ 1,000.00",,2023！06,,,Dictation Speaker,
zcrm_3679507000003275109,zcrm_3679507000146132067,zcrm_3679507000002961001,Royalty,Bernie Brafman,,Medical/ Healthcare,TrulyHandsFree; TrulySecureVoice; TrulyNatural,Robin Healthcare,"$ 1,000.00",,2023！09,,,Dictation Speaker,
zcrm_3679507000003275109,zcrm_3679507000157944008,zcrm_3679507000002961001,Support,Bernie Brafman,,Medical/ Healthcare,TrulyHandsFree; TrulySecureVoice; TrulyNatural,Robin Healthcare,"$ 1,750.00",,2023！06,,,Dictation Speaker,
zcrm_3679507000003275109,zcrm_3679507000157944009,zcrm_3679507000002961001,Support,Bernie Brafman,,Medical/ Healthcare,TrulyHandsFree; TrulySecureVoice; TrulyNatural,Robin Healthcare,"$ 1,750.00",,2023！09,,,Dictation Speaker,
zcrm_3679507000002866003,zcrm_3679507000145227082,zcrm_3679507000001262042,Royalty,Bernie Brafman,,FinTech/ Enterprise/ Banking,TrulySecureFace,HYPR CORP,"$ 1,000.00",,2023！06,,,HYPR - TS,
zcrm_3679507000002866003,zcrm_3679507000145227083,zcrm_3679507000001262042,Royalty,Bernie Brafman,,FinTech/ Enterprise/ Banking,TrulySecureFace,HYPR CORP,"$ 1,000.00",,2023！09,,,HYPR - TS,
zcrm_3679507000002836062,zcrm_3679507000146748129,zcrm_3679507000002309039,Royalty,Bernie Brafman,,Other,TrulyHandsFree,"Motorola Solutions, Inc.","$ 3,500.00",,2023！09,,,Voice for Radios,
zcrm_3679507000002836062,zcrm_3679507000146748128,zcrm_3679507000002309039,Royalty,Bernie Brafman,,Other,TrulyHandsFree,"Motorola Solutions, Inc.","$ 3,500.00",,2023！06,,,Voice for Radios,
zcrm_3679507000002642027,zcrm_3679507000107492156,zcrm_3679507000001542066,Royalty,Kurt Zhang,Cyberworkshop,IoT,TrulyHandsFree,Grandsun (Shenzhen Grandsun Electronic Co. Ltd),"$ 5,000.00",,2023！07,$ 0.00,Delayed,Grandsun IOT speaker,
zcrm_3679507000002640001,zcrm_3679507000146572040,zcrm_3679507000001246269,Royalty,Osamu Kurihara,Sensory - Japan,Other,TrulyHandsFree,"Koto Co., Ltd.","$ 2,000.00",,2023！06,,,Koto - Language Trainer (LT2.0) App,
zcrm_3679507000002640001,zcrm_3679507000146572041,zcrm_3679507000001246269,Royalty,Osamu Kurihara,Sensory - Japan,Other,TrulyHandsFree,"Koto Co., Ltd.","$ 1,000.00",,2023！09,,,Koto - Language Trainer (LT2.0) App,
zcrm_3679507000002507174,zcrm_3679507000049207266,zcrm_3679507000001241117,Royalty,Jeff Rogers,,IoT,TrulyHandsFree,"simplehuman, LLC","$ 1,000.00","$ 2,829.00",2023！04,,,simplehuman: Trash Can,
zcrm_3679507000002507174,zcrm_3679507000159824201,zcrm_3679507000001241117,Royalty,Jeff Rogers,,IoT,TrulyHandsFree,"simplehuman, LLC","$ 2,000.00",,2023！06,,,simplehuman: Trash Can,
zcrm_3679507000002064529,zcrm_3679507000150132283,zcrm_3679507000001246275,Royalty,Simon Jeong,ReignCom Tech LTD,PC/ Mobile/ Wearables/ Cameras,TrulyHandsFree,"Sena Technologies, Inc.","$ 24,000.00",,2023！09,,,Bike Helmet,
zcrm_3679507000002064529,zcrm_3679507000150132284,zcrm_3679507000001246275,Royalty,Simon Jeong,ReignCom Tech LTD,PC/ Mobile/ Wearables/ Cameras,TrulyHandsFree,"Sena Technologies, Inc.","$ 24,000.00",,2023！12,,,Bike Helmet,
zcrm_3679507000002064529,zcrm_3679507000128970278,zcrm_3679507000001246275,Royalty,Simon Jeong,ReignCom Tech LTD,PC/ Mobile/ Wearables/ Cameras,TrulyHandsFree,"Sena Technologies, Inc.","$ 24,000.00","$ 28,922.40",2023！04,,,Bike Helmet,
zcrm_3679507000002064529,zcrm_3679507000137823001,zcrm_3679507000001246275,Royalty,Simon Jeong,ReignCom Tech LTD,PC/ Mobile/ Wearables/ Cameras,TrulyHandsFree,"Sena Technologies, Inc.","$ 24,000.00",,2023！06,,,Bike Helmet,
zcrm_3679507000002064423,zcrm_3679507000150132266,zcrm_3679507000002495484,Royalty,Simon Jeong,ReignCom Tech LTD,Other,TrulyHandsFree,Samsung Electronics Co. Ltd,"$ 24,860.00",,2023！12,,,Digital Appliance,
zcrm_3679507000002064423,zcrm_3679507000159824182,zcrm_3679507000002495484,Royalty,Simon Jeong,ReignCom Tech LTD,Other,TrulyHandsFree,Samsung Electronics Co. Ltd,,"$ 33,810.50",2023！04,,,Digital Appliance,
zcrm_3679507000002064423,zcrm_3679507000150132267,zcrm_3679507000002495484,Royalty,Simon Jeong,ReignCom Tech LTD,Other,TrulyHandsFree,Samsung Electronics Co. Ltd,"$ 3,000.00",,2023！06,,,Digital Appliance,
zcrm_3679507000002064423,zcrm_3679507000150132268,zcrm_3679507000002495484,Royalty,Simon Jeong,ReignCom Tech LTD,Other,TrulyHandsFree,Samsung Electronics Co. Ltd,"$ 24,860.00",,2023！09,,,Digital Appliance,
zcrm_3679507000002058031,zcrm_3679507000128948034,zcrm_3679507000001894015,Royalty,San Yuen,Cyberworkshop,Other,TrulyHandsFree,VTech Telecom,"$ 18,000.00",,2023！05,,,Vtech TTS (cordless phone)/SR/Voice Announce,
zcrm_3679507000002058031,zcrm_3679507000128948036,zcrm_3679507000001894015,Royalty,San Yuen,Cyberworkshop,Other,TrulyHandsFree,VTech Telecom,"$ 25,000.00",,2023！09,,,Vtech TTS (cordless phone)/SR/Voice Announce,
zcrm_3679507000002032136,zcrm_3679507000146572063,zcrm_3679507000037747003,Royalty,Osamu Kurihara,Sensory - Japan,Automotive,TrulyHandsFree,"Panasonic Automotive Systems Co.,Ltd.",$ 700.00,$ 701.40,2023！04,,,PanasonicAuto -THF for Voice Control HeadUnit (Honda and others),
zcrm_3679507000002032136,zcrm_3679507000146572064,zcrm_3679507000037747003,Royalty,Osamu Kurihara,Sensory - Japan,Automotive,TrulyHandsFree,"Panasonic Automotive Systems Co.,Ltd.","$ 1,000.00",,2023！06,,,PanasonicAuto -THF for Voice Control HeadUnit (Honda and others),
zcrm_3679507000002032136,zcrm_3679507000146572065,zcrm_3679507000037747003,Royalty,Osamu Kurihara,Sensory - Japan,Automotive,TrulyHandsFree,"Panasonic Automotive Systems Co.,Ltd.","$ 1,000.00",,2023！09,,,PanasonicAuto -THF for Voice Control HeadUnit (Honda and others),
zcrm_3679507000002024223,zcrm_3679507000150483028,zcrm_3679507000001241127,Royalty,Jeff Rogers,,IoT,TrulyHandsFree,J* (JStar - Josh.ai),"$ 3,500.00",,2023！09,,,Josh,
zcrm_3679507000002024223,zcrm_3679507000146627052,zcrm_3679507000001241127,Royalty,Jeff Rogers,,IoT,TrulyHandsFree,J* (JStar - Josh.ai),"$ 3,500.00","$ 3,964.90",2023！04,,,Josh,
zcrm_3679507000002024223,zcrm_3679507000150052141,zcrm_3679507000001241127,Royalty,Jeff Rogers,,IoT,TrulyHandsFree,J* (JStar - Josh.ai),"$ 3,500.00",,2023！06,,,Josh,
zcrm_3679507000001997242,zcrm_3679507000128892002,zcrm_3679507000001246173,Royalty,Sam Taban,,PC/ Mobile/ Wearables/ Cameras,TrulyHandsFree,SA Telecom Design,"$ 5,000.00",,2023！06,,,Senior,
zcrm_3679507000001997242,zcrm_3679507000129449002,zcrm_3679507000001246173,Royalty,Sam Taban,,PC/ Mobile/ Wearables/ Cameras,TrulyHandsFree,SA Telecom Design,"$ 5,000.00",,2023！09,,,Senior,
zcrm_3679507000001987067,zcrm_3679507000142557136,zcrm_3679507000001246206,Royalty,Osamu Kurihara,Sensory - Japan,PC/ Mobile/ Wearables/ Cameras,TrulyHandsFree; TrulySecureVoice,"NEC Personal Computers, Ltd.","$ 75,000.00","$ 76,476.60",2023！04,,,NEC PC - Desktop and Note PCs,
zcrm_3679507000001987067,zcrm_3679507000159824137,zcrm_3679507000001246206,Royalty,Osamu Kurihara,Sensory - Japan,PC/ Mobile/ Wearables/ Cameras,TrulyHandsFree; TrulySecureVoice,"NEC Personal Computers, Ltd.","$ 20,000.00",,2023！06,,,NEC PC - Desktop and Note PCs,
zcrm_3679507000001980003,zcrm_3679507000145249014,zcrm_3679507000001241186,Royalty,Bernie Brafman,,Other,TrulySecureFace,Daon Inc,"$ 50,000.00",,2023！06,,,IdentityX,
zcrm_3679507000001980003,zcrm_3679507000145249015,zcrm_3679507000001241186,Royalty,Bernie Brafman,,Other,TrulySecureFace,Daon Inc,"$ 90,000.00",,2023！09,,,IdentityX,
zcrm_3679507000001967394,zcrm_3679507000150052246,zcrm_3679507000000585117,Royalty,Jeff Rogers,,FinTech/ Enterprise/ Banking,TrulySecureFace,Veritran (On Time Mobile),"$ 10,000.00",,2023！06,,,Veritran,
zcrm_3679507000001967394,zcrm_3679507000150052247,zcrm_3679507000000585117,Royalty,Jeff Rogers,,FinTech/ Enterprise/ Banking,TrulySecureFace,Veritran (On Time Mobile),"$ 10,000.00",,2023！09,,,Veritran,
zcrm_3679507000001967328,zcrm_3679507000150483035,zcrm_3679507000125320036,Royalty,Jeff Rogers,,PC/ Mobile/ Wearables/ Cameras,TrulyHandsFree,Microsoft Corp.,"$ 5,000.00",,2023！09,,,Microsoft Headphones,
zcrm_3679507000001967328,zcrm_3679507000150052266,zcrm_3679507000125320036,Royalty,Jeff Rogers,,PC/ Mobile/ Wearables/ Cameras,TrulyHandsFree,Microsoft Corp.,"$ 5,000.00",,2023！06,,,Microsoft Headphones,
zcrm_3679507000001967110,zcrm_3679507000150052235,zcrm_3679507000135381109,Royalty,Jeff Rogers,,Automotive,TrulyHandsFree,Garmin Switzerland GmbH,"$ 25,000.00",,2023！06,,,Garmin,
zcrm_3679507000001967110,zcrm_3679507000150052236,zcrm_3679507000135381109,Royalty,Jeff Rogers,,Automotive,TrulyHandsFree,Garmin Switzerland GmbH,"$ 20,000.00",,2023！09,,,Garmin,
zcrm_3679507000001778021,zcrm_3679507000128970101,zcrm_3679507000002495335,Support,Simon Jeong,ReignCom Tech LTD,IoT/ Appliance/ Consumer & Home Electronics,TrulyHandsFree,LG HE(TV),$ 260.00,,2023！09,,,LG TV Y2020,
zcrm_3679507000001778021,zcrm_3679507000128970102,zcrm_3679507000002495335,Support,Simon Jeong,ReignCom Tech LTD,IoT/ Appliance/ Consumer & Home Electronics,TrulyHandsFree,LG HE(TV),$ 260.00,,2023！10,,,LG TV Y2020,
zcrm_3679507000001778021,zcrm_3679507000159608030,zcrm_3679507000002495335,Royalty,Simon Jeong,ReignCom Tech LTD,IoT/ Appliance/ Consumer & Home Electronics,TrulyHandsFree,LG HE(TV),"$ 100,000.00",,2023！12,,,LG TV Y2020,
zcrm_3679507000001778021,zcrm_3679507000128970055,zcrm_3679507000002495335,Royalty,Simon Jeong,ReignCom Tech LTD,IoT/ Appliance/ Consumer & Home Electronics,TrulyHandsFree,LG HE(TV),,"$ 87,144.66",2023！04,,,LG TV Y2020,
zcrm_3679507000001778021,zcrm_3679507000128970103,zcrm_3679507000002495335,Support,Simon Jeong,ReignCom Tech LTD,IoT/ Appliance/ Consumer & Home Electronics,TrulyHandsFree,LG HE(TV),$ 260.00,,2023！11,,,LG TV Y2020,
zcrm_3679507000001778021,zcrm_3679507000128970096,zcrm_3679507000002495335,Support,Simon Jeong,ReignCom Tech LTD,IoT/ Appliance/ Consumer & Home Electronics,TrulyHandsFree,LG HE(TV),$ 260.00,,2023！04,,,LG TV Y2020,
zcrm_3679507000001778021,zcrm_3679507000155627001,zcrm_3679507000002495335,Royalty,Simon Jeong,ReignCom Tech LTD,IoT/ Appliance/ Consumer & Home Electronics,TrulyHandsFree,LG HE(TV),"$ 100,000.00",,2023！09,,,LG TV Y2020,
zcrm_3679507000001778021,zcrm_3679507000128970097,zcrm_3679507000002495335,Support,Simon Jeong,ReignCom Tech LTD,IoT/ Appliance/ Consumer & Home Electronics,TrulyHandsFree,LG HE(TV),$ 260.00,,2023！05,,,LG TV Y2020,
zcrm_3679507000001778021,zcrm_3679507000128970098,zcrm_3679507000002495335,Support,Simon Jeong,ReignCom Tech LTD,IoT/ Appliance/ Consumer & Home Electronics,TrulyHandsFree,LG HE(TV),$ 260.00,,2023！06,,,LG TV Y2020,
zcrm_3679507000001778021,zcrm_3679507000128970099,zcrm_3679507000002495335,Support,Simon Jeong,ReignCom Tech LTD,IoT/ Appliance/ Consumer & Home Electronics,TrulyHandsFree,LG HE(TV),$ 260.00,,2023！07,,,LG TV Y2020,
zcrm_3679507000001778021,zcrm_3679507000128970100,zcrm_3679507000002495335,Support,Simon Jeong,ReignCom Tech LTD,IoT/ Appliance/ Consumer & Home Electronics,TrulyHandsFree,LG HE(TV),$ 260.00,,2023！08,,,LG TV Y2020,
zcrm_3679507000001542015,zcrm_3679507000148853094,zcrm_3679507000001246188,Royalty,Jeff Rogers,,Other,TrulyHandsFree,RN Chidakashi Technologies Pvt. Ltd,"$ 50,000.00",,2023！06,,,"RN Chidakashi: Emotix/Emotix: Miko, Robot",
zcrm_3679507000001542015,zcrm_3679507000148853095,zcrm_3679507000001246188,Royalty,Jeff Rogers,,Other,TrulyHandsFree,RN Chidakashi Technologies Pvt. Ltd,"$ 50,000.00",,2023！09,,,"RN Chidakashi: Emotix/Emotix: Miko, Robot",
zcrm_3679507000001478368,zcrm_3679507000145352003,zcrm_3679507000001241180,Royalty,Bernie Brafman,,Automotive,TrulyHandsFree,"Omnitracs, LLC","$ 5,000.00",,2023！06,,,Omnitracs: IVG (Intelligent Vehicle Gateway),
zcrm_3679507000001478368,zcrm_3679507000145352004,zcrm_3679507000001241180,Royalty,Bernie Brafman,,Automotive,TrulyHandsFree,"Omnitracs, LLC","$ 5,000.00",,2023！09,,,Omnitracs: IVG (Intelligent Vehicle Gateway),
zcrm_3679507000001478368,zcrm_3679507000145352002,zcrm_3679507000001241180,Royalty,Bernie Brafman,,Automotive,TrulyHandsFree,"Omnitracs, LLC","$ 4,687.00","$ 4,687.75",2023！04,,,Omnitracs: IVG (Intelligent Vehicle Gateway),
zcrm_3679507000001345048,zcrm_3679507000106772027,zcrm_3679507000001241111,Royalty,Jeff Rogers,,PC/ Mobile/ Wearables/ Cameras,TrulyHandsFree,PLANTRONICS,"$ 150,000.00","$ 136,012.07",2023！04,,,Poly - RELEASED PRODUCT FORECAST,
zcrm_3679507000001345048,zcrm_3679507000106772035,zcrm_3679507000001241111,Royalty,Jeff Rogers,,PC/ Mobile/ Wearables/ Cameras,TrulyHandsFree,PLANTRONICS,"$ 100,000.00",,2023！09,,,Poly - RELEASED PRODUCT FORECAST,
zcrm_3679507000001345048,zcrm_3679507000106772039,zcrm_3679507000001241111,Royalty,Jeff Rogers,,PC/ Mobile/ Wearables/ Cameras,TrulyHandsFree,PLANTRONICS,"$ 130,000.00",,2023！06,,,Poly - RELEASED PRODUCT FORECAST,
zcrm_3679507000000906021,zcrm_3679507000150132296,zcrm_3679507000001301460,Royalty,Simon Jeong,,PC/ Mobile/ Wearables/ Cameras,TrulySecureFace,HMD Global Oy,$ 300.00,$ 282.96,2023！04,,,HMD with TS,
